SRLDepartment,TestSet,TestName,TestDescription,CPTCode,Methodology,LOINC,FDA Status,Matrix,QualorQuant,InstrumentManufacturer,InstrumentModel,Reagent,CLIASpecialtySubspecialty,CAP Subdiscipline,TestAdded,WebsiteCategory,WebsiteCategory2
Core Lab,C144,ALBUMIN,"Test for albumin levels to be incorporated into the Vermeulen equation for Bioavailable Testosterone, Females and Children",82040,Colorimetric,61151-7,IVD,Serum,Quant,Roche,Cobas 6000,Albumin,Chemistry - Routine Chemistry,Chemistry,P,-,
Sendaways,W310,CF CIS TRANS VARIANTS,"Performed by ARUP, reflex test for CF39 (W101) and CF139 (W139)",81479,-,-,-,Whole Blood,-,-,-,-,-,-,-,-,
Sendaways,I605,FAC V R506Q MUTATION,"Performed by ARUP, reflex test for Factor V Leiden (I600)",81241,-,"31208-2, 21668-9",-,Whole Blood,-,-,-,-,-,-,-,-,
Sendaways,U357,HCV GENO FLX HI RES,"Performed by ARUP, reflex test for HCV Genotype (U350)",87902; 87902 added if reflexed,-,-,-,-,-,-,-,-,-,-,-,-,
Sendaways,U355,HCV GENOTYPE BY SEQ,"Performed by ARUP, reflex test for HCV Genotype (U350)",87902,-,32286-7,-,"Serum, Plasma",-,-,-,-,-,-,-,-,
Sendaways,U356,HIGH RES HCV GENO SEQ,"Performed by ARUP, reflex test for HCV Genotype (U350)",87902,-,32286-7,-,"Serum, Plasma",-,-,-,-,-,-,-,-,
Core Lab,F371,LUPUS ANTICOAG EVAL,For the evaluation of possible antiphospholipid syndrome (APS) or an unexplained prolonged PTT.,"85610, 85730, 85732, 85670, 85525, 85635, 85613, 85613-91 x 2, 85598",Electromechanical clot detection,"3281-3, 5902-2, 34571-0, 75510-8, 3243-3, 6683-7, 52123-7, 6303-2, 15359-3, 75513-2, 57838-5, 50410-0, 33930-9",IVD,PPP,Qual,Stago,STA-RMAX,Stago,Hematology,Coagulation,PPPPPPPP,Autoimmune,
Core Lab,E611,RF IGA IGG IGM,Diagnosis and prognosis of rheumatoid arthritis specific to each immunoglobulin,83516 x3,ELISA,"33313-8, 33314-6, 11573-3",IVD,Serum,Quant,INOVA,QUANTA-Lyser,"RF IgA, RF IgG, RF IgM",Chemistry - Routine Chemistry,Special Chemistry,P,Autoimmune,
Core Lab,F804,TSH RECEPTOR AB,"Detects antibodies against the thyroid stimulating hormone receptor, associated with Graves' disease",83520,ECLIA,5385-0,IVD,Serum,Quant,Roche,Cobas 6000,Anti-TSHR,Diagnostic Immunology - General Immunology,Special Chemistry,P,Autoimmune,
Core Lab,E175,C-TELOPEPTIDE,Used as a marker of bone resorption to monitor antiresorptive therapy,82523,ECLIA,41171-0,IVD,Serum,Quant,Roche,Cobas 6000,beta crosslaps/serum,Chemistry - Endocrinology,Special Chemistry,P,Blood and Bone Disorders,
Core Lab,I460,FACTOR VIII ACTIVITY,"Part of a panel detecting coagulation abnormalities associated with hemophilia, specifically detecting activity levels of Factor VIII protein, a part of the coagulation cascade",85240,Chromogenic Assay,49865-9,IVD,PPP,Qual,Siemens,BCS XP,Siemens,Hematology,Coagulation,P,Blood and Bone Disorders,
Core Lab,E702,N-TELOPEPTIDE URINE,Identifies individuals with elevated bone turnover and aids in monitoring therapy,82523,ELISA,14115-0,IVD,Urine,Quant,INOVA,QUANTA-Lyser,Osteomark NTx Urine,Chemistry - Routine Chemistry,Special Chemistry,P,Blood and Bone Disorders,
Core Lab,E705,OSTEOCALCIN,Bone turnover marker used to monitor therapy with antiresportive agents,83937,ECLIA,2697-1,IVD,Serum,Quant,Roche,Cobas 6000,N-MID Osteocalcin,Chemistry - Routine Chemistry,Special Chemistry,P,Blood and Bone Disorders,
Core Lab,F287,PHOSPHATIDYLGLY ABS,Second-line test for the diagnosis of antiphospholipid syndrome (APS).,83516 x3,ELISA,"13081-5, 13079-9, 13080-7",LDT-RUO,Serum,Quant,INOVA,QUANTA-Lyser,"AESKULISA Glycerol-A, AESKULISA Glycerol-GM",Chemistry - Routine Chemistry,Special Chemistry,P,Blood and Bone Disorders,Autoimmune
Core Lab,F288,PHOSPHATIDYLINOS ABS,Second-line test for the diagnosis of antiphospholipid syndrome (APS).,83516 x3,ELISA,"13084-9, 13082-3, 13083-1",LDT-RUO,Serum,Quant,INOVA,QUANTA-Lyser,"AESKULISA Inositol-A, AESKULISA Inositol-GM",Chemistry - Routine Chemistry,Special Chemistry,P,Blood and Bone Disorders,Autoimmune
Core Lab,F289,PHOSPHATIDYLSER ABS,Second-line test for the diagnosis of antiphospholipid syndrome (APS).,86148 x3,ELISA,"32031-7, 32032-5, 32033-3",IVD,Serum,Quant,INOVA,QUANTA-Lyser,"QUANTA Lite® Phosphatidylserine IgA, IgG and IgM",Diagnostic Immunology - General Immunology,Special Chemistry,P,Blood and Bone Disorders,Autoimmune
Core Lab,I500,VON WILLEBRAND PANEL,"A panel that detects coagulation abnormalities associated with hemophilia; includes Factor VIII Activity, VW Act Ristocetin, and VW Factor Antigen","85240, 85245, 85246","Immunoturbidimetric, Chromogenic Assay, Platelet Aggregation","49865-9, 6014-5, 27816-8",IVD,PPP,Qual,Siemens,BCS XP,Siemens/Stago,Hematology,Coagulation,P,Blood and Bone Disorders,
Core Lab,I505,VW ACT RISTOCETIN,Helps evaluate the function of von Willebrand factor protein which aids in platelet coagulation,85245,Chromogenic Assay,6014-5,IVD,PPP,Qual,Siemens,BCS XP,Siemens,Hematology,Coagulation,P,Blood and Bone Disorders,
Core Lab,I510,VW FACTOR ANTIGEN,Assesses the mass of von Willebrand factor protein in plasma,85246,Platelet Aggregation,27816-8,IVD,PPP,Qual,Siemens,BCS XP,Stago,Hematology,Coagulation,P,Blood and Bone Disorders,
Molecular,U750,JAK2 V617F MUT,"Detects the JAK2 V617F mutation in peripheral blood, supported in the evaluation of suspected myeloproliferative neoplasms",81270,Quantitative RT-PCR,53761-3,LDT-RUO,Whole Blood,Quant,Applied Biosystems,7500,-,Diagnostic Immunology - General Immunology,Molecular Pathology,P,Blood and Bone Disorders,
Core Lab,E376,APOLIPOPROTEIN A1,Major constituent of high density lipoproteins,82172,Immunoturbidimetric,1869-7,IVD,Serum,Quant,Roche,Cobas 6000,APOAT,Chemistry - Routine Chemistry,Special Chemistry,P,Cardiology,
Core Lab,E373,APOLIPOPROTEIN B,Major constituent of low density lipoproteins,82172,Immunoturbidimetric,1884-6,IVD,Serum,Quant,Roche,Cobas 6000,APOBT,Chemistry - Routine Chemistry,Special Chemistry,P,Cardiology,
Core Lab,E375,APOLIPOPROTEIN B/A1,The ApoB/ApoA1 ratio can reflect lipid metabolism disorders and increased risk of developing coronary heart disease,82172 x2,Immunoturbidimetric,"1869-7, 1884-6, 1874-7",IVD,Serum,Quant,Roche,Cobas 6000,APOBT/APOAT,Chemistry - Routine Chemistry,Special Chemistry,N/A,Cardiology,
Core Lab,E410,LIPOPRINT,In vitro testing system that measures cholesterol levels in all lipoprotein fraction and subfractions in fasting serum.,"83701, 82465",Electrophoresis,"2093-3, 2091-7, 51004-0, 51003-2, 51002-4, 43392-0, 46984-1, 46985-8, 43393-8, 57938-3, 49026-8, 49027-6, 2089-1, 2085-9, 35505-7",IVD,Serum,Quant,Quantimetrix,Lipoprint System,Lipoprint LDL Kit,Chemistry - Routine Chemistry,Chemistry and Special Chemistry,PPPPP,Cardiology,
Core Lab,E383,LP-PLA2 ACTIVITY,"Assesses the enzymatic activity of Lipoprotein Associated Phospholipase A2, utilized to help assess risk for coronary heart disease",83698,Colorimetric/Kinetic,TBD,IVD,Serum,Quant,Roche,Cobas 6000,Diadexus PLAC® Test for Lp-PLA2 Activity,Chemistry - Routine Chemistry,Special Chemistry,P,Cardiology,
Core Lab,E050,PRO BNP NT,Pro B-type natriuretic peptide is secreted mainly by the ventricle of the heart and can be used for diagnosis of left ventricular dysfunction,83880,ECLIA,33762-6,IVD,Serum,Quant,Roche,Cobas 6000,proBNP II,Chemistry - Routine Chemistry,Special Chemistry,P,Cardiology,
Analytical Chemistry,E472,17-OH-PROGEST 30 MIN,Test for concentration of 17-hydroxyprogesterone in serum or plasma following 30 minutes stimulation to aid in diagnosis of congenital adrenal hyperplasia (CAH),83498,LC-MS/MS,48340-4,LDT,"Serum, Plasma",Quant,ABSciex,5500,-,Chemistry - Endocrinology,Special Chemistry,P,Endocrinology,
Analytical Chemistry,E473,17-OH-PROGEST 60 MIN,Test for concentration of 17-hydroxyprogesterone in serum or plasma following 60 minute stimulation to aid in diagnosis of congenital adrenal hyperplasia (CAH),83498,LC-MS/MS,48341-2,LDT,"Serum, Plasma",Quant,ABSciex,5500,-,Chemistry - Endocrinology,Special Chemistry,P,Endocrinology,
Analytical Chemistry,E471,17-OH-PROGESTERONE,Test for concentration of 17-hydroxyprogesterone in serum or plasma to aid in diagnosis of congenital adrenal hyperplasia (CAH),83498,LC-MS/MS,1668-3,LDT,"Serum, Plasma",Quant,ABSciex,5500,-,Chemistry - Endocrinology,Special Chemistry,P,Endocrinology,
Analytical Chemistry,E487,DHEA,Test for concentration of DHEA in serum as an adjunct test for a variety of conditions by LC-MS/MS,82626,LC-MS/MS,2193-1,LDT,"Serum, Plasma",Quant,ABSciex,5500,-,Chemistry - Endocrinology,Special Chemistry,P,Endocrinology,
Analytical Chemistry,E569,DIHYDROTESTOSTERONE,Test for concentration of DHT in serum for enzyme deficiency or monitoring inhibitor therapy by LC-MS/MS,80327,LC-MS/MS,1848-1,LDT,Serum,Quant,ABSciex,5500,-,Chemistry - Endocrinology,Special Chemistry,P,Endocrinology,
Analytical Chemistry,E491,ESTRADIOL,Test for concentration of estradiol in serum for monitoring inhibitor therapy (among others) by LC-MS/MS,82670,LC-MS/MS,35384-7,LDT,"Serum, Plasma",Quant,ABSciex,5500,-,Chemistry - Endocrinology,Special Chemistry,P,Endocrinology,
Analytical Chemistry,E494,ESTROGEN FRACTIONATED,"Test for concentration of estrone and estradiol in serum for enzyme deficiency, monitoring inhibitor therapy (among others) by LC-MS/MS",82671,LC-MS/MS,"35384-7, 2258-2, 53765-4",LDT,"Serum, Plasma",Quant,ABSciex,5500,-,Chemistry - Endocrinology,Special Chemistry,N/A,Endocrinology,
Analytical Chemistry,E489,ESTRONE,Test for concentration of estrone in serum for enzyme deficiency (among others) by LC-MS/MS,82679,LC-MS/MS,2258-2,LDT,"Serum, Plasma",Quant,ABSciex,5500,-,Chemistry - Endocrinology,Special Chemistry,P,Endocrinology,
Analytical Chemistry,E483,PREGNENOLONE,Test for concentration of pregnenolone in serum as an adjunct test for enzyme deficiency/congenital adrenal hyperplasia by LC-MS/MS,84140,LC-MS/MS,2837-3,LDT,"Serum, Plasma",Quant,ABSciex,5500,-,Chemistry - Endocrinology,Special Chemistry,P,Endocrinology,
Analytical Chemistry,E503,TESTOST BIO FEMALE,Test for concentration of testosterone in serum for excess or deficiency for a variety of conditions by LC-MS/MS,"84403, 84270, 82040",LC-MS/MS,"2986-8, 13967-5, 2990-0, 2991-8, 1751-7",LDT,Serum,Quant,ABSciex,5500,-,Chemistry - Endocrinology,Special Chemistry,P,Endocrinology,
Analytical Chemistry,E499,TESTOSTERONE FEMALE,Test for concentration of testosterone in serum for excess or deficiency for a variety of conditions by LC-MS/MS,84403,LC-MS/MS,2986-8,LDT,Serum,Quant,ABSciex,5500,-,Chemistry - Endocrinology,Special Chemistry,P,Endocrinology,
Analytical Chemistry,E501,TESTOSTERONE FREE FEM,Test for concentration of testosterone in serum for excess or deficiency for a variety of conditions by LC-MS/MS,"84403, 84270, 82040",LC-MS/MS,"2986-8, 13967-5, 2991-8, 1751-7",LDT,Serum,Quant,ABSciex,5500,-,Chemistry - Endocrinology,Special Chemistry,N/A,Endocrinology,
Analytical Chemistry,E430,"TRIIODOTHYRONINE, REV",Test for concentration of reverse triiodothyronine in serum by LC-MS/MS,84482,LC-MS/MS,3052-8,LDT,Serum,Quant,ABSciex,5500,-,Chemistry - Endocrinology,Special Chemistry,P,Endocrinology,
Core Lab,E508,BIOTESTOST ADULT MALE,A calculated value by the Vermeulen equation utilizing Testosterone and SHBG levels to determine the level of testosterone not bound by SHBG and readily available for tissue uptake,"84403, 84270",ECLIA,"2986-8, 13967-5, 2990-0, 2991-8, 15432-8",IVD,Serum,Quant,Roche,Cobas 6000,Testosterone II / SHBG,Chemistry - Endocrinology,Special Chemistry,P,Endocrinology,
Core Lab,E171,CALCITONIN,"Frequently elevated in medullary thyroid carcinoma, leukemia, and myeloproliferative disorders",82308,ECLIA,1992-7,IVD,Serum,Quant,Roche,Cobas 6000,hCT-human calcitonin,Chemistry - Endocrinology,Special Chemistry,P,Endocrinology,
Core Lab,E511,FREE TESTOST ADULT M,A calculated value by the Vermeulen equation utilizing Testosterone and SHBG levels to determine the level of testosterone not bound by SHBG or Albumin,"84403, 84270",ECLIA,"2986-8, 13967-5, 2991-8, 15432-8",IVD,Serum,Quant,Roche,Cobas 6000,Testosterone II / SHBG,Chemistry - Endocrinology,Special Chemistry,N/A,Endocrinology,
Core Lab,E504,SEX HORMONE BINDING,"SHBG is a blood transport protein for testosterone and estradiol and is used as an indicator of excessive/chronic androgenic activity, utilized in the determination of bioavailable and free testosterone",84270,ECLIA,13967-5,IVD,Serum,Quant,Roche,Cobas 6000,SHBG,Chemistry - Endocrinology,Special Chemistry,P,Endocrinology,
Core Lab,E505,TESTOSTERONE MALE,Measures total testosterone levels,84403,ECLIA,2986-8,IVD,Serum,Quant,Roche,Cobas 6000,Testosterone II,Chemistry - Endocrinology,Special Chemistry,P,Endocrinology,
Core Lab,F530,CALPROTECTIN,"Neutrophilic marker for inflammation in the intestinal tract, useful for diagnosis of IBD",83993,ELISA,38445-3,IVD,Stool,Qual,INOVA,QUANTA-Lyser,INOVA QUANTA Lite Calprotectin,Diagnostic Immunology - General Immunology,Special Chemistry,P,Gastrointestinal,
Core Lab,F540,IBD PANEL,Measurement of S. cerevisiae and Anti-Neutrophil Cytoplasmic Antibody to aid in diagnosis and differentiation of inflammatory bowel diseases,"86671 x2, 86255","ELISA, IFA","47321-5, 47320-7, 17357-5",IVD,Serum,Quant,INOVA,QUANTA-Lyser,INOVA,Diagnostic Immunology - General Immunology,Special Chemistry,PP,Gastrointestinal,Autoimmune
Core Lab,F535,LACTOFERRIN,"Leukocyte marker for inflammation in the intestinal tract, useful for diagnosis of IBD",83630,ELISA,40703-1,IVD,Stool,Qual,INOVA,QUANTA-Lyser,TechLab Lactoferrin Chek™,Chemistry - Routine Chemistry,Special Chemistry,P,Gastrointestinal,
Core Lab,F025,S CEREVISIAE IGG/IGA,Separately measures IgG and IgA antibodies against Saccharomyces cerevisiae to aid in diagnosis and differentiation of inflammatory bowel diseases,86671 x2,ELISA,"47321-5, 47320-7",IVD,Serum,Quant,INOVA,QUANTA-Lyser,S. cerivisiae IgG/IgA,Diagnostic Immunology - General Immunology,Special Chemistry,P,Gastrointestinal,
Molecular,U501,C.DIFF TOXIN BY PCR,Detects Clostridium difficile in stool specimens and supports laboratory diagnosis of Clostridium difficile infection,87493,PCR,54067-4,IVD,Stool,Qual,Life Technologies/Applied Biosystems,QuantStudio™ DX,Quidel Molecular Direct C. diff Kit,Microbiology - Bacteriology,Molecular Microbiology,P,Gastrointestinal,
Molecular,X800,CELIAC GENOTYPE,"Assay identifies Celiac disease susceptible or permissive haplotype in major histocompatibility complex class II HLA genes (DQ alpha 1, DQ beta 1)",81376 x2,PCR,"44728-4, 43291-4",IVD,Whole Blood,Qual,Luminex,"100, 200",LabType SSO,Histocompatibility,Molecular Pathology,P,Gastrointestinal,Genetics
Molecular,X700,EPI PROCOLON,"Test to screen adults of either sex, 50 years or older, defined as average risk for colorectal cancer, who have been offered and have a history of not completing colorectal cancer screening",81327,RT-PCR/methylation specific,65810-4,IVD,Plasma,Qual,Applied Biosystems,7500,Epigenomics Epi proColon kit,Diagnostic Immunology - General Immunology,Molecular Pathology,P,Gastrointestinal,
Analytical Chemistry,E744,METHYLMALONIC ACID,Test for concentration of MMA in serum as a biomarker of vitamin B12 deficiency by HPLC-FLD,83921,LC-MS/MS,13964-2,LDT,"Serum, Plasma",Quant,Agilent; Shimadzu,1260/6430; UFLCXR,-,Chemistry - Toxicology,Special Chemistry,P,General,
Analytical Chemistry,E739,VITAMIN B1,Test for concentration of vitamin B1 in whole blood for deficiency by HPLC-FLD,84425,HPLC,2998-3,LDT,Whole Blood,Quant,Agilent; Shimadzu,1260/G1321B; UFLCXR,-,Chemistry - Routine Chemistry,Special Chemistry,P,General,
Analytical Chemistry,E745,VITAMIN B6,Test for concentration of vitamin B6 in serum or plasma for deficiency by HPLC-FLD,84207,HPLC,30552-4,LDT,"Serum, Plasma",Quant,Agilent,1260/G1321B,-,Chemistry - Routine Chemistry,Special Chemistry,P,General,
Core Lab,E154,ALK PHOS ISOENZYMES,Allows for quantification of alkaline phosphatase isoenzymes to determine tissue source of increase alkaline phosphatase activity in serum,"84075, 84080",Quantitative Enzymatic/Electrophoresis,"6768-6, 15348-6, 13874-3, 15349-4, 13875-0, 15013-6, 1777-2, 15014-4, 1778-0, 40793-2, 1780-6",IVD,Serum,Quant,Roche / Sebia,Cobas 6000 / Hydrasys 2,Hydragel 15 ISO-PAL,Chemistry - Routine Chemistry,Chemistry and Special Chemistry,PP,General,
Core Lab,E015,ANGIOTENSIN CONV ENZ,Elevated levels of serum angiotensin converting enzyme are associated with poor prognosis or rapid progression of granulomatous-inflammatory diseases like Sarcoidosis,82164,Enzymatic,2742-5,IVD,Serum,Quant,Roche,Cobas 6000,ACE/Buhlmann,Chemistry - Routine Chemistry,Special Chemistry,P,General,
Core Lab,F014,CH50,Screening test for total complement activity,86162,Liposome Immunoassay (LIA),4532-8,IVD,Serum,Quant,Roche,Cobas 6000,Wako Autokit CH50,Diagnostic Immunology - General Immunology,Special Chemistry,P,General,
Core Lab,E160,CK ISOENZYMES,Assay is used as an aid in diagnosis of myocardial injury as well as detecting skeletal muscle disease and macro forms of the enzyme,"82550, 82552",Quantitative Enzymatic/Electrophoresis,"2157-6, 15049-0, 12187-1, 15048-2, 26019-0, 26020-8",IVD,Serum,Quant,Roche / Sebia,Cobas 6000 / Hydrasys 2,Hydragel 15 ISO-CK,Chemistry - Routine Chemistry,Chemistry and Special Chemistry,PP,General,
Core Lab,E394,CYS C WITH EGFR,Useful in assessing glomerular filtration rate as an alternative to serum creatinine,82610,Particle Enhanced Immunoturbidimetric,"33863-2, 50210-4",IVD,Serum,Quant,Roche,Cobas 6000,Tina-quant® Cystatin C,Chemistry - Routine Chemistry,Special Chemistry,N/A,General,
Core Lab,E393,CYSTATIN C,Useful in assessing glomerular filtration rate as an alternative to serum creatinine,82610,Particle Enhanced Immunoturbidimetric,33863-2,IVD,Serum,Quant,Roche,Cobas 6000,Tina-quant® Cystatin C,Chemistry - Routine Chemistry,Special Chemistry,P,General,
Core Lab,E165,LD ISOENZYMES,"Utilized to investigate diseases involving the heart, liver, muscle, kidney, lung, and blood","83615, 83625",Photometric/Kinetic Electrophoresis,"14804-9, 2536-1, 2539-5, 2542-9, 2545-2, 2548-6",IVD,Serum,Quant,Roche / Sebia,Cobas 6000 / Hydrasys 2,Hydragel 15 ISO-LD,Chemistry - Routine Chemistry,Chemistry and Special Chemistry,PP,General,
Molecular,X801,HEMOCHROMATOSIS GENE,"Detects 3 mutations, C282Y (c.845G>A), H63D (c.187C>G) and S65C (c.193A>T),  in the HFE gene, aids in laboratory diagnosis of hereditary hemochromatosis (HH) in adults suspected of iron metabolism disorder such as increased serum iron or transferrin saturation",81256,PCR,"21695-2, 21696-0, 38380-2",LDT-RUO,Whole Blood,Qual,Life Technologies/Applied Biosystems,QuantStudio™ DX,-,Hematology,Molecular Pathology,P,General,
Molecular,I600,FACTOR V LEIDEN,"Assay detects a single point mutation (G to A at position 1691) of the Human Factor V gene, referred to as Factor V Leiden mutation, provides information on genetic risk factor for thrombosis",81241,PCR,21668-9,IVD,Whole Blood,Qual,Roche,LightCycler 2.0,Factor V Leiden Kit,Hematology,Molecular Pathology,P,Genetics,
Molecular,X900,HLA-B27 BY PCR,"Assay identifies major histocompatibility complex class I allele HLA-B27, which may help support the diagnosis of Ankylosing spondylitis",81374,PCR,26043-0,IVD,Whole Blood,Qual,Luminex,"100, 200",LabType SSO,Histocompatibility,Molecular Pathology,P,Genetics,
Molecular,W001,MTHFR MUTATION DET,"Assay detects polymorphisms (base change of C to T at nucleotide position 677 and A to C at nucleotide position 1298) in the MTHFR gene, ordered as part of the clinical evaluation for thrombophilia",81291,PCR,"28005-7, 28060-2",IVD,Whole Blood,Qual,Hologic,Infinite F200,MTHFR 677 kit / MTHFR 1298 kit,Hematology,Molecular Pathology,P,Genetics,
Molecular,W150,PROTHROMBIN G20210A,"Assay detects a single point mutation (G to A at position 20210) of the human Factor II gene, provides information on genetic risk factor for thrombosis and is associated with elevated prothrombin levels",81240,PCR,24476-4,IVD,Whole Blood,Qual,Roche,LightCycler 1.2,Prothrombin G20210A kit,Hematology,Molecular Pathology,P,Genetics,
Analytical Chemistry,L830,ARSENIC WHOLE BLOOD,Test for arsenic concentration for potential toxicity in whole blood by ICPMS,82175,ICP-MS,5583-0,LDT,Whole Blood,Quant,Perkin Elmer,Nexion,-,Chemistry - Toxicology,Special Chemistry,P,Heavy Metals,
Analytical Chemistry,L800,COPPER,Test for copper concentration for deficiency or toxicity in serum or plasma by ICPMS,82525,ICP-MS,5631-7,LDT,Serum,Quant,Perkin Elmer,Nexion,-,Chemistry - Toxicology,Toxicology,P,Heavy Metals,
Analytical Chemistry,L870,HEAVY METALS PANEL,"Test for concentrations of lead, mercury and arsenic for toxicity in whole blood by ICPMS","82175, 83825, 83655",ICP-MS,"5583-0, 5685-3, 5671-3",LDT,Whole Blood,Quant,Perkin Elmer,Nexion,-,Chemistry - Toxicology,Special Chemistry,N/A,Heavy Metals,
Analytical Chemistry,E769,"IODINE, SERUM",Useful for monitoring iodine levels in individuals taking iodine-containing medications. Urine iodine is preferred for the assessment of dietary iodine intake.,83018,ICP-MS,2494-3,LDT,Serum,Quant,Perkin Elmer,Nexion,-,Chemistry - Toxicology,Special Chemistry,P,Heavy Metals,
Analytical Chemistry,L658,LEAD BLOOD CAPILLARY,Test for lead concentration for potential toxicity in whole blood by ICPMS,83655,ICP-MS,5671-3,LDT,Whole Blood,Quant,Perkin Elmer,Nexion,-,Chemistry - Toxicology,Special Chemistry,P,Heavy Metals,
Analytical Chemistry,L657,LEAD BLOOD VENOUS,Test for lead concentration for potential toxicity in whole blood by ICPMS,83655,ICP-MS,5671-3,LDT,Whole Blood,Quant,Perkin Elmer,Nexion,-,Chemistry - Toxicology,Special Chemistry,P,Heavy Metals,
Analytical Chemistry,L850,MERCURY WHOLE BLOOD,Test for mercury concentration for potential toxicity in whole blood by ICPMS,83825,ICP-MS,5685-3,LDT,Whole Blood,Quant,Perkin Elmer,Nexion,-,Chemistry - Toxicology,Special Chemistry,P,Heavy Metals,
Analytical Chemistry,L856,ZINC,Test for zinc concentration for deficiency or toxicity in serum or plasma by ICPMS,84630,ICP-MS,5763-8,LDT,Serum,Quant,Perkin Elmer,Nexion,-,Chemistry - Routine Chemistry,Toxicology,P,Heavy Metals,
Core Lab,E144,MYCOPLASMA PNEUMO G/M,Test is utilized for semiquantitative determination of IgG and IgM antibodies against Mycoplasma pneumoniae to aid in diagnosis of upper/lower respiratory tract diseases,86738 x2,ELISA,"45224-3, 5257-1",IVD,Serum,Quant,INOVA,QUANTA-Lyser,EUROIMMUN Anti-M. pnuemoniae IgG/IgM,Diagnostic Immunology - General Immunology,Chemistry,P,Infectious Diseases,
Core Lab,E145,MYCOPLASMA PNEUMO IGG,Test is utilized for semiquantitative determination of IgG antibodies against Mycoplasma pneumoniae to aid in diagnosis of upper/lower respiratory tract diseases,86738,ELISA,45224-3,IVD,Serum,Quant,INOVA,QUANTA-Lyser,EUROIMMUN Anti-M. pnuemoniae IgG,Diagnostic Immunology - General Immunology,Chemistry,P,Infectious Diseases,
Core Lab,E146,MYCOPLASMA PNEUMO IGM,Test is utilized for semiquantitative determination of IgM antibodies against Mycoplasma pneumoniae to aid in diagnosis of upper/lower respiratory tract diseases,86738,ELISA,5257-1,IVD,Serum,Quant,INOVA,QUANTA-Lyser,EUROIMMUN Anti-M. pnuemoniae IgM,Diagnostic Immunology - General Immunology,Chemistry,P,Infectious Diseases,
Core Lab,E142,VZV IGG,Test is utilized for quantitative determination of IgG antibodies against Varicella Zoster virus which causes chicken pox and shingles,86787,ELISA,5403-1,IVD,Serum,Quant,Dynex,DSX,Trinity Biotech/Captiva VZV IgG,Diagnostic Immunology - General Immunology,Special Chemistry,P,Infectious Diseases,
Core Lab,E141,VZV IGG/IGM,Test is utilized for quantitative determination of IgG and IgM antibodies against Varicella Zoster virus which causes chicken pox and shingles,86787 x2,ELISA,"5403-1, 5404-9",IVD,Serum,Quant,Dynex,DSX,Trinity Biotech/Captiva VZV IgG/IgM,Diagnostic Immunology - General Immunology,Special Chemistry,P,Infectious Diseases,
Core Lab,F141,VZV IGM,Test is utilized for quantitative determination of IgM antibodies against Varicella Zoster virus which causes chicken pox and shingles.,86787,ELISA,5404-9,IVD,Serum,Quant,Dynex,DSX,Trinity Biotech/Captiva VZV IgM,Diagnostic Immunology - General Immunology,Special Chemistry,P,Infectious Diseases,
Core Lab,W131,WEST NILE VIRUS GM,Test for determination of IgG and IgM antibodies in patients with a clinical suspicion of West Nile virus infection,"86789, 86788",ELISA,"38997-3, 38166-5",IVD,Serum,Quant,INOVA,QUANTA-Lyser,Euroimmun Anti-WNV IgG; Anti-WNV IgM,Diagnostic Immunology - General Immunology,Special Chemistry,P,Infectious Diseases,
Core Lab,W132,WNV IGG,Test for determination of IgG antibodies in patients with a clinical suspicion of West Nile virus infection,86789,ELISA,38997-3,IVD,Serum,Quant,INOVA,QUANTA-Lyser,Euroimmun Anti-WNV IgG,Diagnostic Immunology - General Immunology,Special Chemistry,P,Infectious Diseases,
Core Lab,W133,WNV IGM,Test for determination of IgM antibodies in patients with a clinical suspicion of West Nile virus infection,86788,ELISA,38166-5,IVD,Serum,Quant,INOVA,QUANTA-Lyser,Euroimmun Anti-WNV IgM,Diagnostic Immunology - General Immunology,Special Chemistry,P,Infectious Diseases,
Molecular,F605,B PERTUSS/PARAPER PCR,Assay detects Bordetella pertussis and B. parapertussis in nasopharyngeal swab for laboratory diagnosis of Pertussis/Whooping Cough,87801,PCR,"43913-3, 42588-4",LDT,Swab,Qual,Roche,LightCycler 2.0,-,Microbiology - Bacteriology,Molecular Microbiology,PP,Infectious Diseases,
Molecular,U622,BKV PCR QUANT BLOOD,For quantitative detection of BK virus in blood,87799,Quantitative RT-PCR,"48309-9, 43201-3, 47251-4",LDT-ASR,"Whole Blood, Plasma, Serum",Quant,Life Technologies,QuantStudio™ DX,-,Microbiology - Virology,Molecular Microbiology,P,Infectious Diseases,
Molecular,U623,"BKV PCR QUANT U,BL",For quantitative detection of BK virus in urine and blood,87799 x2,Quantitative RT-PCR,"41480-5, 43201-3, 33978-8, 48309-9, 43201-3, 47251-4, 31208-2",LDT-ASR,"Urine, Whole Blood, Plasma, Serum",Quant,Life Technologies,QuantStudio™ DX,-,Microbiology - Virology,Molecular Microbiology,P,Infectious Diseases,
Molecular,U621,BKV PCR QUANT URINE,For quantitative detection of BK virus in urine,87799,Quantitative RT-PCR,"41480-5, 43201-3, 33978-8",LDT-ASR,Urine,Quant,Life Technologies,QuantStudio™ DX,-,Microbiology - Virology,Molecular Microbiology,P,Infectious Diseases,
Molecular,U820,CMV PCR QN PLASMA,"Assay quantitates Cytomegalovirus in the specimen, ordered generally in transplant patients or neonates",87497,PCR,72494-8,IVD,Plasma,Quant,Roche,Cobas Ampliprep/Taqman v2.0,CMV Test Kit,Microbiology - Virology,Molecular Microbiology,P,Infectious Diseases,
Molecular,U821,CMV PCR QN/QL PLASMA,"Assay quantitates Cytomegalovirus in the specimen with a qualitative interpretation, ordered generally in transplant patients or neonates",87497,PCR,72494-8,IVD,Plasma,Quant,Roche,Cobas Ampliprep/Taqman v2.0,CMV Test Kit,Microbiology - Virology,Molecular Microbiology,P,Infectious Diseases,
Molecular,U801,CMV PCR QUANT/QUAL,For quantitative detection of Cytomegalovirus (CMV) in whole blood for investigation of CMV infection/disease.,87497,Quantitative RT-PCR,"34720-3, 5000-5, 31208-2",LDT-ASR,Whole Blood,Quant,Life Technologies,QuantStudio™ DX,-,Microbiology - Virology,Molecular Microbiology,P,Infectious Diseases,
Molecular,U630,EBV PCR QUANT,For quantitative detection of Epstein-Barr virus (EBV) in blood for evaluation of EBV-related disease,87799,Quantitative RT-PCR,"32585-2, 53774-6, 5005-4, 31208-2",LDT-ASR,"Whole Blood, Plasma, Serum",Quant,Life Technologies,QuantStudio™ DX,-,Microbiology - Virology,Molecular Microbiology,P,Infectious Diseases,
Molecular,U190,HBV PCR QN,"Assay quantitates hepatitis B virus in the specimen, ordered to monitor treatment",87517,PCR,42595-9,IVD,"Serum, Plasma",Quant,Roche,Cobas Ampliprep/Taqman v2.0,HBV Test Kit,Diagnostic Immunology - General Immunology,Molecular Microbiology,P,Infectious Diseases,
Molecular,U350,HCV GENOTYPE,"Assay can detect and differentiate HCV genotypes 1-6, results help to select appropriate therapy regimen to treat HCV infection",87902,PCR,32286-7,IVD,"Serum, Plasma",Qual,Abbott,m2000sp/7500,HCV Genotype II,Microbiology - Virology,Molecular Microbiology,P,Infectious Diseases,
Molecular,U300,HCV PCR QN,"Assay quantitates hepatitis C virus in the specimen, ordered to monitor treatment",87522,PCR,38180-6,IVD,"Serum, Plasma",Quant,Roche,Cobas Ampliprep/Taqman v2.0,HCV Test Kit,Diagnostic Immunology - General Immunology,Molecular Microbiology,P,Infectious Diseases,
Molecular,U305,HCV PCR QN FLX GENO,"Assay quantitates hepatitis C virus in the specimen, reflexes to hepatitis C genotype test",87522,PCR,38180-6,IVD,"Serum, Plasma",Quant,Roche,Cobas Ampliprep/Taqman v2.0,HCV Test Kit,Diagnostic Immunology - General Immunology,Molecular Microbiology,P,Infectious Diseases,
Molecular,U302,HCV PCR QN/QL,"Assay quantitates hepatitis C virus in the specimen with a qualitative interpretation, ordered to monitor treatment",87522,PCR,38180-6,IVD,"Serum, Plasma",Quant,Roche,Cobas Ampliprep/Taqman v2.0,HCV Test Kit,Diagnostic Immunology - General Immunology,Molecular Microbiology,P,Infectious Diseases,
Molecular,U275,HIV-1 GENOTYPE,"Testing can identify drug resistance mutations associated with resistance to Nucleoside and Non-nucleoside Reverse Transcriptase Inhibitors, and Protease Inhibitor class",87901,PCR,11526-1,IVD,Plasma,Qual,Applied Biosystems,3130,HIV-1 Genotyping Kit,Microbiology - Virology,Molecular Microbiology,P,Infectious Diseases,
Molecular,U276,HIV-1 INTEGRASE,"Testing can detect mutations associated with resistance to three Integrase Inhibitor (INI) drugs: raltegravir (RAL), elvitegravir (EVG), and dolutegravir (DTG)",87906,PCR,"72560-6, 72857-6, 72526-7, 72525-9, 61199-6",LDT-RUO,Plasma,Qual,Applied Biosystems,3130,ViroSeq HIV-1 Integrase Genotyping Kit,Microbiology - Virology,Molecular Microbiology,P,Infectious Diseases,
Molecular,U215,HIV-1 PCR FLX GE INT,"Assay quantitates human immunodeficiency virus in the specimen, reflexes to HIV-1 Genotype and HIV-1 Integrase tests",87536,PCR,20447-9,IVD,Plasma,Quant,Roche,Cobas Ampliprep/Taqman v2.0,HIV-1 Test Kit,Microbiology - Virology,Molecular Microbiology,P,Infectious Diseases,
Molecular,U210,HIV-1 PCR QN,"Assay quantitates human immunodeficiency virus in the specimen, ordered to monitor treatment",87536,PCR,20447-9,IVD,Plasma,Quant,Roche,Cobas Ampliprep/Taqman v2.0,HIV-1 Test Kit,Microbiology - Virology,Molecular Microbiology,P,Infectious Diseases,
Molecular,U214,HIV-1 PCR QN FLX INT,"Assay quantitates human immunodeficiency virus in the specimen, reflexes to HIV-1 Integrase test",87536,PCR,20447-9,IVD,Plasma,Quant,Roche,Cobas Ampliprep/Taqman v2.0,HIV-1 Test Kit,Microbiology - Virology,Molecular Microbiology,P,Infectious Diseases,
Molecular,U211,HIV-1 PCR QN w/FLX GE,"Assay quantitates human immunodeficiency virus in the specimen, reflexes to HIV-1 Genotype test",87536,PCR,20447-9,IVD,Plasma,Quant,Roche,Cobas Ampliprep/Taqman v2.0,HIV-1 Test Kit,Microbiology - Virology,Molecular Microbiology,P,Infectious Diseases,
Molecular,U212,HIV-1 PCR QN/QL,"Assay quantitates human immunodeficiency virus in the specimen with a qualitative interpretation, ordered to monitor treatment",87536,PCR,20447-9,IVD,Plasma,Quant,Roche,Cobas Ampliprep/Taqman v2.0,HIV-1 Test Kit,Microbiology - Virology,Molecular Microbiology,P,Infectious Diseases,
Molecular,X950,HLA-B5701 BY PCR,"Assay identifies major histocompatibility complex class I allele HLA-B*5701, which is known to predispose patient taking abacavir, antiviral drugs to treat HIV, to fatal hypersensitivity reactions",81381,PCR,50956-2,IVD,Whole Blood,Qual,Luminex,"100, 200",LabType SSO,Histocompatibility,Molecular Pathology,P,Infectious Diseases,
Molecular,U651,RPP BY PCR,For detection of respiratory viruses and bacteria in nasopharyngeal specimens,"87633, 87486, 87581",Multiplex RT-PCR,"34487-9, 60494-2, 49524-2, 40982-1, 30075-6, 30076-4, 29908-1, 29909-9, 29910-7, 76087-6, 40991-2, 38917-1, 39528-5, 41003-5, 41005-0, 41009-2, 62423-9, 62424-7, 34645-2, 53255-6, 31208-2",IVD,Swab,Qual,Luminex,MAGPIX,Luminex NxTAG Respiratory Pathogen Panel,Microbiology- Virology,Molecular Microbiology,P,Infectious Diseases,
Molecular,W140,CFTR CAVD,Test intended for men with symptoms of obstructive azoospermia.,"81220, 81224",Massive parallel sequencing/Next-generation sequencing,"43370-6, TBD",LDT,Whole Blood,Qual,Illumina,MiSeqDx,Illumina MiSeqDx CF 139-Variant Assay,Diagnostic Immunology - General Immunology,Molecular Pathology,P,Men's Health,
Analytical Chemistry,L133,CLOZAPINE,Test for concentration of clozapine in serum as therapeutic drug monitoring by LC-MS/MS,80159,LC-MS/MS,"6896-5, 12375-2",LDT,"Serum, Plasma",Quant,Agilent,1260/6430,-,Chemistry - Toxicology,Special Chemistry,P,Therapeutic Substance Monitoring,
Analytical Chemistry,L170,LAMOTRIGINE,Test for concentration of lamotrigine in serum as therapeutic drug monitoring by LC-MS/MS,80175,LC-MS/MS,6948-4,LDT,"Serum, Plasma",Quant,Agilent,1260/6430,-,Chemistry - Toxicology,Special Chemistry,P,Therapeutic Substance Monitoring,
Analytical Chemistry,L189,LEVETIRACETAM,Test for concentration of levetiracetam in serum as therapeutic drug monitoring by LC-MS/MS,80177,LC-MS/MS,30471-7,LDT,"Serum, Plasma",Quant,Agilent,1260/6430,-,Chemistry - Toxicology,Special Chemistry,P,Therapeutic Substance Monitoring,
Analytical Chemistry,L116,OXCARBAZEPINE METAB,Test for concentration of oxcarbazepine in serum as therapeutic drug monitoring by LC-MS/MS,80183,LC-MS/MS,31019-3,LDT,"Serum, Plasma",Quant,Agilent,1260/6430,-,Chemistry - Toxicology,Special Chemistry,P,Therapeutic Substance Monitoring,
Analytical Chemistry,L183,TOPIRAMATE,Test for concentration of topiramate in serum as therapeutic drug monitoring by LC-MS/MS,80201,LC-MS/MS,17713-9,LDT,"Serum, Plasma",Quant,Agilent,1260/6430,-,Chemistry - Toxicology,Special Chemistry,P,Therapeutic Substance Monitoring,
Core Lab,E560,HUMAN EPIDIDYMIS PRO4,Aid in monitoring patients with epithelial ovarian cancer for recurrence or progression,86305,ECLIA,55180-4,IVD,Serum,Quant,Roche,Cobas 6000,HE4,Chemistry - Routine Chemistry,Special Chemistry,P,Women's Health,General
Molecular,U150,BACT VAGINOSIS BY PCR,"Assay detects and quantitates 4 different vaginal bacterial flora, 3 pathogenic (Atopobium vaginae, Megasphaera sp, and Gardnerella vaginalis) and a non-pathogenic (Lactobacillus sp)","87799 x3, 87512",PCR,69571-8,LDT-RUO,Aptima Swab,Qual,Life Technologies/Applied Biosystems,"7500, Quantstudio™ DX, and QuantStudio™ 6 Flex",-,Microbiology - Bacteriology,Molecular Microbiology,P,Women's Health,Infectious Diseases
Molecular,W261,BRCA 1/2 MLPA DEL/DUP,"Preferred initial test is BRCA1 and BRCA2, Comprehensive (W260).  This test may be ordered if deletion/duplication analysis not previously performed with sequencing analysis.",81213,Multiplex Ligation-dependent Probe Assay (MLPA) of all BRCA1 and BRCA2 coding exons,TBD,LDT-RUO,Whole Blood,Qual,Illumina,MiSeqDx,-,Diagnostic Immunology - General Immunology,Molecular Pathology,P,Women's Health,Genetics
Molecular,W260,"BRCA1 AND BRCA2, COMP",Massive parallel sequencing/Next-generation sequencing of BRCA1 and BRCA2 coding regions and splice junctions and Multiplex Ligation-dependent Probe Assay of all BRCA1 and BRCA2 coding exons,81162,Massive parallel sequencing/Next-generation sequencing,"21636-6, 38530-2",LDT-RUO,Whole Blood,Qual,Illumina,MiSeqDx,-,Diagnostic Immunology - General Immunology,Molecular Pathology,P,Women's Health,Genetics
Molecular,W250,"BRCA1 AND BRCA2, SEQ","Massive parallel sequencing/Next-generation sequencing of BRCA1 and BRCA2 coding regions and splice junctions and Multiplex Ligation-dependent Probe Assay of BRCA1 exon 13 del 3.835kb, exon 13 dup 6kb, exon 14-20 del 26kb, exon 22 del 510bp, and exon 8-9 del 7.1kb",81211,Massive parallel sequencing/Next-generation sequencing,"21636-6, 38530-2",LDT-RUO,Whole Blood,Qual,Illumina,MiSeqDx,-,Diagnostic Immunology - General Immunology,Molecular Pathology,P,Women's Health,Genetics
Molecular,W270,BRCA1 SEQUENCING,"Massive parallel sequencing/Next-generation sequencing of BRCA1 coding regions and splice junctions and Multiplex Ligation-dependent Probe Assay of BRCA1 exon 13 del 3.835kb, exon 13 dup 6kb, exon 14-20 del 26kb, exon 22 del 510bp, and exon 8-9 del 7.1kb",81214,Massive parallel sequencing/Next-generation sequencing,21636-6,LDT-RUO,Whole Blood,Qual,Illumina,MiSeqDx,-,Diagnostic Immunology - General Immunology,Molecular Pathology,P,Women's Health,Genetics
Molecular,W280,BRCA2 SEQUENCING,Massive parallel sequencing/Next-generation sequencing of BRCA2 coding regions and splice junctions,81216,Massive parallel sequencing/Next-generation sequencing,38530-2,LDT-RUO,Whole Blood,Qual,Illumina,MiSeqDx,-,Diagnostic Immunology - General Immunology,Molecular Pathology,P,Women's Health,Genetics
Molecular,U870,CANDIDA BY PCR,"Assay detects 4 different species of Candida sp (Candida albicans, C. glabrata, C. tropicalis and C. parapsilosis) known to cause vulvovaginal candidiasis",87481 x4,PCR,"69562-7, 69563-5, 72495-5, 72391-6",LDT-RUO,Aptima Swab,Qual,Roche,LightCycler 2.0,-,Microbiology - Mycology,Molecular Microbiology,P,Women's Health,Infectious Diseases
Molecular,W139,CYSTIC FIBROSIS 139,Next generation sequencing assay for detection of 139 mutations and variants associated with cystic fibrosis.,81220,Next-generation Sequencing,TBD,IVD,Whole Blood,Qual,Illumina,MiSeqDx,Illumina MiSeqDx CF 139-Variant Assay,Diagnostic Immunology - General Immunology,Molecular Pathology,P,Women's Health,Genetics
Molecular,W101,CYSTIC FIBROSIS 39,"Carrier screening for cystic fibrosis (CF), detects ACOG and ACMG recommended 23 disease-causing mutations plus additional variants in CFTR",81220,PCR,38404-0,IVD,Whole Blood,Qual,Luminex,"100, 200",CF39 kit v2,Diagnostic Immunology - General Immunology,Molecular Pathology,P,Women's Health,Genetics
Molecular,W199,FRAGILE X W/ METHYL,Test is intended for screening healthy individuals for carrier status with or without a positive family history and for diagnosis of fragile X syndrome and FMR1-related disorders in individuals with characteristic clinical symptoms.  Method is polymerase chain reaction (PCR) followed by capillary electrophoresis for sizing. Methylation-specific PCR analysis to confirm FMR1 expansions on CGG repeat lengths of 55 or greater.,81243; 81244 added if reflexed,PCR/capillary electrophoresis for sizing,"36913-2, 45321-7, 45322-5, 41107-4 (if reflexed)",LDT-RUO,Whole Blood,Qual,ThermoFisher,ABI 3500,-,Clinical Cytogenetics,Molecular Pathology,P,Women's Health,Genetics
Molecular,U851,HSV 1 AND 2 BY PCR,Assay detects and differentiates Herpes simplex virus (HSV-1 and HSV-2) that cause genital herpes,87529 x2,PCR,47409-8,LDT,"Aptima Swab, SurePath™, ThinPrep",Qual,Roche,LightCycler 2.0,-,Microbiology - Virology,Molecular Microbiology,P,Women's Health,Infectious Diseases
Molecular,W220,SMA COPY NUMBER,Carrier screening test for Spinal Muscular Atrophy (SMA) in preconception or prenatal care.  Carrier screening test for reproductive partner of known SMA carrier or for individual with family history of SMA.  Diagnostic test for individual with possible symptoms of SMA.,81401,Multiplex Ligation-dependent Probe Amplification (MLPA),"31208-2, 75325-1, 35462-1, 54449-4, 82155-3, 49857-6",LDT-RUO,Whole Blood,Qual,Illumina,MiSeqDx,-,Diagnostic Immunology - General Immunology,Molecular Pathology,P,Women's Health,Genetics
Molecular,U901,ZIKA VIRUS BY PCR,PCR testing for qualitative detection of RNA from the Zika virus in human serum from individuals meeting the CDC Zika virus clinical or epidemiological criteria.,87798,rRT-PCR,TBD,EUA,Serum,Qual,altona Diagnostics,7500,RealStar Zika Virus RT-PCR Kit U.S. (EUA),Microbiology - Virology,Molecular Microbiology,P,Women's Health,Infectious Diseases
Molecular,U902,"ZIKA VIRUS PCR SE,U",PCR testing for qualitative detection of RNA from the Zika virus in human serum and urine from individuals meeting the CDC Zika virus clinical or epidemiological criteria.,87798 x 2,rRT-PCR,TBD,EUA,"Serum, Urine",Qual,altona Diagnostics,7500,RealStar Zika Virus RT-PCR Kit U.S. (EUA),Microbiology - Virology,Molecular Microbiology,P,Women's Health,Infectious Diseases
Sendaways,W450,ARIOSA NIPT,"Performed by Ariosa Diagnostics, Inc., Harmony Prenatal Test, Non-Invasive Prenatal Testing (NIPT)",81507,Harmony Prenatal Test,TBD,-,Whole Blood,-,-,-,-,-,-,-,Women's Health,Genetics
Sendaways,W451,ARIOSA NIPT FETAL SEX,"Performed by Ariosa Diagnostics, Inc., Harmony Prenatal Test, Non-Invasive Prenatal Testing (NIPT); Plus Fetal Sex","81507, 81599",Harmony Prenatal Test,TBD,-,Whole Blood,-,-,-,-,-,-,-,Women's Health,Genetics
Sendaways,W452,ARIOSA NIPT FS MX,"Performed by Ariosa Diagnostics, Inc., Harmony Prenatal Test, Non-Invasive Prenatal Testing (NIPT); Plus Fetal Sex; Plus Monosomy X","81507, 81599",Harmony Prenatal Test,TBD,-,Whole Blood,-,-,-,-,-,-,-,Women's Health,Genetics
Sendaways,W453,ARIOSA NIPT FS SCAP,"Performed by Ariosa Diagnostics, Inc., Harmony Prenatal Test, Non-Invasive Prenatal Testing (NIPT); Plus Fetal Sex; Plus Sex Chromosome Aneuploidy","81507, 81599",Harmony Prenatal Test,TBD,-,Whole Blood,-,-,-,-,-,-,-,Women's Health,Genetics
Sendaways,W454,ARIOSA NIPT MONOSOMYX,"Performed by Ariosa Diagnostics, Inc., Harmony Prenatal Test, Non-Invasive Prenatal Testing (NIPT); Plus Monosomy X","81507, 81599",Harmony Prenatal Test,TBD,-,Whole Blood,-,-,-,-,-,-,-,Women's Health,Genetics
Sendaways,W455,ARIOSA NIPT SEX CHR A,"Performed by Ariosa Diagnostics, Inc., Harmony Prenatal Test, Non-Invasive Prenatal Testing (NIPT); Plus Sex Chromosome Aneuploidy","81507, 81599",Harmony Prenatal Test,TBD,-,Whole Blood,-,-,-,-,-,-,-,Women's Health,Genetics
Sendaways,W456,ARIOSA NIPT 22q,"Cell-free DNA screening test to assess risk of fetal trisomy 21, 18, and 13, and assess risk of 22q11.2 deletion.","81507, 81422",Harmony 22q Prenatal Test,TBD,-,Whole Blood,-,-,-,-,-,-,-,Women's Health,Genetics
Sendaways,W457,ARIOSA NIPT FS 22q,"Cell-free DNA screening test to assess risk of fetal trisomy 21, 18, and 13, assess risk of 22q11.2 deletion, and for assessment of fetal sex.","81507, 81599, 81422",Harmony 22q Prenatal Test,TBD,-,Whole Blood,-,-,-,-,-,-,-,Women's Health,Genetics
Sendaways,W458,ARIOSA NIPT MX 22q,"Cell-free DNA screening test to assess risk of fetal trisomy 21, 18, and 13, assess risk of fetal monosomy X, and assess risk of 22q11.2 deletion.","81507, 81599, 81422",Harmony 22q Prenatal Test,TBD,-,Whole Blood,-,-,-,-,-,-,-,Women's Health,Genetics
Sendaways,W459,ARIOSA NIPT SCAP 22q,"Cell-free DNA screening test to assess risk of fetal trisomy 21, 18, and 13, assess risk of fetal sex chromosome aneuploidies X, XXX, XXY, XYY, and XXYY, and assess risk of 22q11.2 deletion.","81507, 81599, 81422",Harmony 22q Prenatal Test,TBD,-,Whole Blood,-,-,-,-,-,-,-,Women's Health,Genetics
Sendaways,W460,ARIOSA NIPT FS MX 22q,"Cell-free DNA screening test to assess risk of fetal trisomy 21, 18, and 13, assess risk of fetal monosomy X, assess risk of 22q11.2 deletion, and for assessment of fetal sex.","81507, 81599, 81422",Harmony 22q Prenatal Test,TBD,-,Whole Blood,-,-,-,-,-,-,-,Women's Health,Genetics
Sendaways,W461,ARIOSA NIPT FS SC 22q,"Cell-free DNA screening test to assess risk of fetal trisomy 21, 18, and 13, assess risk of fetal sex chromosome aneuploidies X, XXX, XXY, XYY, assess risk of 22q11.2 deletion, and for assessment of fetal sex.","81507, 81599, 81422",Harmony 22q Prenatal Test,TBD,-,Whole Blood,-,-,-,-,-,-,-,Women's Health,Genetics
,,,,,,,,,,,,,,,,,
,,,,,,,,,,,,,,,,,
,,,,,,,,,,,,,,,,,
,,,,,,,,,,,,"220, 310, 400, 610",,,,,
